model_name	sequence	frequency	notes
tranquil	ACCGGG	0.4480306260277496	Renormalized from 0.960229; Count: 174713605/406110820 (43.02%)
tranquil	ACCCGG	0.228864156362701	Renormalized from 0.960229; Count: 89247748/406110820 (21.98%)
tranquil	ACCGGC	0.09242586924577366	Renormalized from 0.960229; Count: 36042243/406110820 (8.87%)
tranquil	ACCGCG	0.0566885607495712	Renormalized from 0.960229; Count: 22106106/406110820 (5.44%)
tranquil	ACCCCG	0.0477688134809509	Renormalized from 0.960229; Count: 18628016/406110820 (4.59%)
tranquil	ACCCGC	0.047173122244797853	Renormalized from 0.960229; Count: 18395470/406110820 (4.53%)
tranquil	ACCGGA	0.02386618192118755	Renormalized from 0.960229; Count: 9306740/406110820 (2.29%)
tranquil	ACCGCC	0.022065569775543123	Renormalized from 0.960229; Count: 8604616/406110820 (2.12%)
tranquil	ACCCCC	0.01658146129725305	Renormalized from 0.960229; Count: 6466109/406110820 (1.59%)
tranquil	ACCCGA	0.006827538014369489	Renormalized from 0.960229; Count: 2662458/406110820 (0.66%)
tranquil	ACCGCA	0.005246665118424876	Renormalized from 0.960229; Count: 2045902/406110820 (0.50%)
tranquil	ACCCCA	0.0044614357616776824	Renormalized from 0.960229; Count: 1739925/406110820 (0.43%)
